n_patterns,classic_error_rate,modern_error_rate,transformer_error_rate
1,0.0,0.0,0.0
2,0.0,0.0,0.0
3,0.0,0.0,0.0
4,0.0,0.0,0.0
5,0.017361111111111112,0.0,0.0
6,0.006944444444444444,0.0,0.0
7,0.05555555555555555,0.0,0.0
8,0.034722222222222224,0.0,0.0
9,0.11805555555555555,0.0,0.0
10,0.20486111111111108,0.0,0.0
11,0.1076388888888889,0.0,0.0
12,0.19444444444444445,0.0,0.0
15,0.2534722222222222,0.0,0.0
19,0.25,0.0,0.0
26,0.29861111111111116,0.0,0.0
34,0.29166666666666663,0.0,0.0
44,0.28125,0.0,0.0
58,0.3576388888888889,0.0,0.0
77,0.38541666666666663,0.0,0.0
101,0.36458333333333337,0.0,0.0
132,0.30208333333333337,0.0,0.0
174,0.3715277777777778,0.0,0.003472222222222222
228,0.39583333333333337,0.0,0.017361111111111112
300,0.3472222222222222,0.0,0.027777777777777776
