dim,gamma,trial,S_final,S_max,S_initial
2,0.25,0,0.5771842712436717,0.6931471805599453,0.05600153435484788
2,0.25,1,0.5545887474141326,0.6931471805599453,0.0560015343548468
2,0.25,2,0.1376772740252621,0.6931471805599453,0.056001534354847456
2,0.25,3,0.26705548634378606,0.6931471805599453,0.056001534354847636
2,0.25,4,0.329880134313263,0.6931471805599453,0.056001534354847476
2,1.0,0,0.613418297077178,0.6931471805599453,0.056001534354847435
2,1.0,1,0.6575554971663917,0.6931471805599453,0.05600153435484696
2,1.0,2,0.5682038923413059,0.6931471805599453,0.05600153435484758
2,1.0,3,0.6909483327989583,0.6931471805599453,0.05600153435484798
2,1.0,4,0.6002577789408009,0.6931471805599453,0.056001534354846484
2,4.0,0,0.36693382495511556,0.6931471805599453,0.05600153435484711
2,4.0,1,0.26945905612505383,0.6931471805599453,0.05600153435484735
2,4.0,2,0.40350440379864816,0.6931471805599453,0.05600153435484757
2,4.0,3,0.6168686460646884,0.6931471805599453,0.056001534354847275
2,4.0,4,0.6896486044261207,0.6931471805599453,0.056001534354846845
2,16.0,0,0.6072998767103518,0.6931471805599453,0.056001534354847254
2,16.0,1,0.36057826544631383,0.6931471805599453,0.05600153435484699
2,16.0,2,0.666610166683149,0.6931471805599453,0.05600153435484717
2,16.0,3,0.6074527711223222,0.6931471805599453,0.05600153435484689
2,16.0,4,0.5635411331579916,0.6931471805599453,0.05600153435484697
4,0.25,0,0.6590956866370752,1.3862943611198906,0.09436169374111741
4,0.25,1,1.0001759873202722,1.3862943611198906,0.0943616937411179
4,0.25,2,1.048403826720992,1.3862943611198906,0.09436169374111843
4,0.25,3,1.0345384258966044,1.3862943611198906,0.09436169374111861
4,0.25,4,0.6783468434301465,1.3862943611198906,0.09436169374111812
4,1.0,0,1.0592425893228081,1.3862943611198906,0.09436169374111802
4,1.0,1,1.0269241165181526,1.3862943611198906,0.09436169374111851
4,1.0,2,1.0224363578036244,1.3862943611198906,0.09436169374111864
4,1.0,3,1.03461465154884,1.3862943611198906,0.09436169374111789
4,1.0,4,1.2652991857110558,1.3862943611198906,0.09436169374111805
4,4.0,0,1.1710254158373457,1.3862943611198906,0.09436169374111805
4,4.0,1,1.2310904863683518,1.3862943611198906,0.09436169374111754
4,4.0,2,0.8194856938836952,1.3862943611198906,0.09436169374111807
4,4.0,3,1.3381970459135588,1.3862943611198906,0.09436169374111861
4,4.0,4,0.9725932372795331,1.3862943611198906,0.09436169374111701
4,16.0,0,1.0237487251083348,1.3862943611198906,0.09436169374111783
4,16.0,1,0.8016051747980322,1.3862943611198906,0.09436169374111851
4,16.0,2,1.1095723885102933,1.3862943611198906,0.09436169374111752
4,16.0,3,0.797228758102904,1.3862943611198906,0.0943616937411179
4,16.0,4,1.038387654529333,1.3862943611198906,0.09436169374111841
8,0.25,0,1.3938976801957785,2.0794415416798357,0.12219660344643343
8,0.25,1,1.355631841044492,2.0794415416798357,0.1221966034464334
8,0.25,2,1.0059446210205143,2.0794415416798357,0.12219660344643254
8,0.25,3,1.4305258060828057,2.0794415416798357,0.12219660344643271
8,0.25,4,1.0560414801185578,2.0794415416798357,0.12219660344643285
8,1.0,0,1.8317419516451086,2.0794415416798357,0.12219660344643313
8,1.0,1,1.6263857744314847,2.0794415416798357,0.12219660344643332
8,1.0,2,1.8213659549743415,2.0794415416798357,0.12219660344643364
8,1.0,3,1.5039907636578178,2.0794415416798357,0.12219660344643317
8,1.0,4,1.6756439480171148,2.0794415416798357,0.12219660344643292
8,4.0,0,1.6558536182225003,2.0794415416798357,0.12219660344643185
8,4.0,1,1.7078507170035822,2.0794415416798357,0.1221966034464323
8,4.0,2,1.8219602984257754,2.0794415416798357,0.12219660344643309
8,4.0,3,1.85180340262017,2.0794415416798357,0.1221966034464329
8,4.0,4,1.8825522037256233,2.0794415416798357,0.12219660344643286
8,16.0,0,1.8385498936720517,2.0794415416798357,0.12219660344643296
8,16.0,1,1.7488127296554965,2.0794415416798357,0.12219660344643252
8,16.0,2,1.6617535386573166,2.0794415416798357,0.12219660344643317
8,16.0,3,1.7777811167907125,2.0794415416798357,0.12219660344643266
8,16.0,4,1.7283961527059422,2.0794415416798357,0.12219660344643282
16,0.25,0,1.7150098529277424,2.772588722239781,0.14390957959393869
16,0.25,1,1.793851611236887,2.772588722239781,0.14390957959393957
16,0.25,2,1.924719348574027,2.772588722239781,0.1439095795939396
16,0.25,3,1.7451213979064553,2.772588722239781,0.14390957959393963
16,0.25,4,1.6411614871478388,2.772588722239781,0.14390957959393913
16,1.0,0,2.2586859290374584,2.772588722239781,0.14390957959393946
16,1.0,1,2.3653232452665582,2.772588722239781,0.14390957959393977
16,1.0,2,2.4288931501957505,2.772588722239781,0.14390957959393955
16,1.0,3,2.3455685978893417,2.772588722239781,0.14390957959394005
16,1.0,4,2.3236841966059814,2.772588722239781,0.14390957959393885
16,4.0,0,2.3084703186826667,2.772588722239781,0.14390957959393874
16,4.0,1,2.3759817269343144,2.772588722239781,0.14390957959393907
16,4.0,2,2.433432607698246,2.772588722239781,0.14390957959393863
16,4.0,3,2.4827947074260415,2.772588722239781,0.1439095795939398
16,4.0,4,2.4920119594882437,2.772588722239781,0.14390957959393924
16,16.0,0,2.4770919030320653,2.772588722239781,0.14390957959393935
16,16.0,1,2.499211301936035,2.772588722239781,0.14390957959393902
16,16.0,2,2.340943424915788,2.772588722239781,0.14390957959393927
16,16.0,3,2.4000828768839066,2.772588722239781,0.14390957959393919
16,16.0,4,2.3892881320739496,2.772588722239781,0.1439095795939381
