N,session_min,probe_every_min,r_obs,crb_k_inh,crb_A0,crb_alpha,crb_beta
6,20,0.5,0.05,0.2844771603292092,0.05669150116884236,0.03745661819474148,0.07211566193171998
6,20,0.5,0.1,0.3105205368083342,0.05736947906832767,0.041785189592180014,0.08164698660811862
6,20,0.5,0.2,0.358071000131516,0.058990816985736196,0.05569519140281518,0.11061856499605012
6,20,1.0,0.05,0.2851793569099518,0.05669424236044015,0.0523538348033449,0.10080955715981481
6,20,1.0,0.1,0.31315102802189115,0.057399597307188126,0.05589612087671192,0.10946722421877819
6,20,1.0,0.2,0.36874476388330013,0.05914571001210667,0.06734107173659037,0.13568595742012793
6,20,2.0,0.05,0.28554110149204187,0.05669459780705523,0.07390469330966298,0.14233745770704892
6,20,2.0,0.1,0.31459081196042066,0.05740722708860271,0.07747364312835471,0.15202522349875103
6,20,2.0,0.2,0.37616346431758424,0.0592272669814956,0.08718375334778666,0.17711898638602258
6,20,4.0,0.05,0.28572709707600347,0.0566947405849838,0.10469697677352197,0.2017181719700621
6,20,4.0,0.1,0.31533737772380344,0.057408423249981556,0.10952519645317658,0.21538024970391859
6,20,4.0,0.2,0.38051414540283424,0.059250183743006044,0.11973538826529824,0.24510968646138145
6,45,0.5,0.05,0.20114286058342146,0.04230034146043991,0.024965689802471887,0.0480614958726333
6,45,0.5,0.1,0.21722694070339188,0.04261280774776616,0.027843594447737763,0.054376183017861714
6,45,0.5,0.2,0.24670318388168805,0.04344346395609444,0.03709921683046952,0.07349261499806507
6,45,1.0,0.05,0.2015874940550901,0.04230142442879338,0.034884316563995536,0.06715948894655034
6,45,1.0,0.1,0.21887652940309293,0.042624725505275574,0.037220836812953,0.07284821357990803
6,45,1.0,0.2,0.2532402767246138,0.043503882862537806,0.044809817660619713,0.0900735022793865
6,45,2.0,0.05,0.20183316020279457,0.04230205460895366,0.049728249879385275,0.0957201723713983
6,45,2.0,0.1,0.21987218065895361,0.04263047872988221,0.051986392428087114,0.10182606784415814
6,45,2.0,0.2,0.25828418249623697,0.04354530799935234,0.05826923477470675,0.11785655238165416
6,45,4.0,0.05,0.20194657333260066,0.04230207898214103,0.07030830984331651,0.13531354480302898
6,45,4.0,0.1,0.22032362167085606,0.04263080202306109,0.07315684855094548,0.1433583959675363
6,45,4.0,0.2,0.26095036978071273,0.043553581768334404,0.0794266481569293,0.1613377576450383
6,90,0.5,0.05,0.14613096528880776,0.03205658474394473,0.017651891819059184,0.03398024212351597
6,90,0.5,0.1,0.15711048081510148,0.03222334406138428,0.01968470791625735,0.038434449295082725
6,90,0.5,0.2,0.17730229541470244,0.03271473430633445,0.02622484165438932,0.05189780681844184
6,90,1.0,0.05,0.14643889406317534,0.03205704583368751,0.024661806843752413,0.047475825934385193
6,90,1.0,0.1,0.1582467373111201,0.032228417434916785,0.026307018777262877,0.051475462590390896
6,90,1.0,0.2,0.18175805366048634,0.03274027222600212,0.03166222434209521,0.06358681286107817
6,90,2.0,0.05,0.14659674540930145,0.03205709214277512,0.034785648470055976,0.06696609061443982
6,90,2.0,0.1,0.15887320107747516,0.03222967883774745,0.03639025246942101,0.0713045907726021
6,90,2.0,0.2,0.18496015728027823,0.0327536638134271,0.04084543202121789,0.08265836020077481
6,90,4.0,0.05,0.1466835949117492,0.03205749811407502,0.04971505928633114,0.09568040300407235
6,90,4.0,0.1,0.15922425897373324,0.03223190405062711,0.05171830106983058,0.10134946800287789
6,90,4.0,0.2,0.1869658654765203,0.03276460956288474,0.056087019203259536,0.11388706750610335
12,20,0.5,0.05,0.20115572916147656,0.04008694491213352,0.026485828725817118,0.05099347358167576
12,20,0.5,0.1,0.21957117727486006,0.04056634768235419,0.029546590913796036,0.05773313789404791
12,20,0.5,0.2,0.2531944323392441,0.041712806718348636,0.03938244752041332,0.07821913743383191
12,20,1.0,0.05,0.2016522571254456,0.040088883227300844,0.03701975161056546,0.07128312147611793
12,20,1.0,0.1,0.22143121544981778,0.04058764449328982,0.03952452611394594,0.07740501656276633
12,20,1.0,0.2,0.2607419230689138,0.041822332627653704,0.04761732847731281,0.09594446060356163
12,20,2.0,0.05,0.201908049172499,0.04008913456601272,0.05225850980077477,0.10064778156150771
12,20,2.0,0.1,0.2224492964361955,0.04059303956346704,0.05478213841928619,0.10749806644736731
12,20,2.0,0.2,0.2659877364535877,0.041880002113761645,0.061648223201515306,0.12524203635044434
12,20,4.0,0.05,0.20203956791118902,0.040089235525254216,0.07403194224628784,0.14263628728858507
12,20,4.0,0.1,0.22297719815008518,0.04059388537728941,0.07744600912282998,0.15229683509929276
12,20,4.0,0.2,0.26906413255174805,0.041896206711228505,0.08466570499039655,0.17331872143135132
12,45,0.5,0.05,0.14222948070579763,0.029910858293183528,0.01765340855632771,0.03398460964550828
12,45,0.5,0.1,0.15360264282777647,0.0301318053238441,0.019688394446603478,0.03844976774697081
12,45,0.5,0.2,0.1744454942630534,0.030719167961587735,0.02623310779753509,0.05196712643226398
12,45,1.0,0.05,0.14254388404875706,0.029911624067450078,0.02466693679945945,0.04748893005512873
12,45,1.0,0.1,0.15476907818350377,0.030140232450995546,0.026319106111876947,0.051511465819678914
12,45,1.0,0.2,0.17906791694153223,0.030761890580045713,0.031685325931556915,0.06369158426697615
12,45,2.0,0.05,0.14271759624770686,0.02991206967211478,0.03516318270625244,0.06768438298016095
12,45,2.0,0.1,0.15547310993821975,0.030144300595128584,0.03675993061532538,0.07200190307416567
12,45,2.0,0.2,0.18263449691631292,0.030791182575198858,0.04120257104374614,0.08333716739633522
12,45,4.0,0.05,0.14279779144086832,0.029912086906560845,0.049715482663974,0.0956811251166115
12,45,4.0,0.1,0.1557923269390417,0.030144529197927684,0.05172970370061081,0.10136969392867111
12,45,4.0,0.2,0.1845197760250791,0.030797033013352043,0.056163121518682704,0.11408302249223834
12,90,0.5,0.05,0.10333019649705195,0.02266742845412454,0.01248177240602809,0.024027659631898915
12,90,0.5,0.1,0.11109388637983725,0.022785345098312086,0.013919190453262084,0.027177259727723516
12,90,0.5,0.2,0.1253716554076766,0.023132810472725276,0.018543763369362126,0.036697291130029674
12,90,1.0,0.05,0.10354793502152973,0.0226677544938084,0.017438530855530134,0.03357047846063593
12,90,1.0,0.1,0.11189734105333927,0.022788932515140418,0.018601871370204415,0.036398648662379844
12,90,1.0,0.2,0.1285223522785983,0.02315086850889968,0.0223885735397453,0.04496266656810835
12,90,2.0,0.05,0.10365955277879495,0.022667787239278276,0.024597167921148032,0.04735217678302321
12,90,2.0,0.1,0.1123403178306966,0.02278982446163579,0.025731794290218102,0.05041995966503866
12,90,2.0,0.2,0.1307865814622151,0.023160337791178737,0.02888208196269732,0.0584482870197281
12,90,4.0,0.05,0.10372096465091842,0.022668074304337402,0.035153855548455994,0.06765626179084128
12,90,4.0,0.1,0.11258855324972977,0.02279139792475258,0.03657036139792468,0.07166489609448398
12,90,4.0,0.2,0.13220483132885932,0.0231680776048454,0.03965951161516492,0.08053031772301579
24,20,0.5,0.05,0.1422385801646046,0.02834575058442118,0.01872830909737074,0.03605783096585999
24,20,0.5,0.1,0.1552602684041671,0.028684739534163835,0.020892594796090007,0.04082349330405931
24,20,0.5,0.2,0.179035500065758,0.029495408492868098,0.02784759570140759,0.05530928249802506
24,20,1.0,0.05,0.1425896784549759,0.028347121180220074,0.02617691740167245,0.050404778579907404
24,20,1.0,0.1,0.15657551401094558,0.028699798653594063,0.02794806043835596,0.054733612109389096
24,20,1.0,0.2,0.18437238194165007,0.029572855006053334,0.03367053586829519,0.06784297871006396
24,20,2.0,0.05,0.14277055074602094,0.028347298903527614,0.03695234665483149,0.07116872885352446
24,20,2.0,0.1,0.15729540598021033,0.028703613544301353,0.038736821564177355,0.07601261174937551
24,20,2.0,0.2,0.18808173215879212,0.0296136334907478,0.04359187667389333,0.08855949319301129
24,20,4.0,0.05,0.14286354853800173,0.0283473702924919,0.05234848838676098,0.10085908598503104
24,20,4.0,0.1,0.15766868886190172,0.028704211624990778,0.05476259822658829,0.10769012485195929
24,20,4.0,0.2,0.19025707270141712,0.029625091871503022,0.05986769413264912,0.12255484323069073
24,45,0.5,0.05,0.10057143029171073,0.021150170730219953,0.012482844901235943,0.02403074793631665
24,45,0.5,0.1,0.10861347035169594,0.02130640387388308,0.013921797223868881,0.027188091508930857
24,45,0.5,0.2,0.12335159194084402,0.02172173197804722,0.01854960841523476,0.036746307499032536
24,45,1.0,0.05,0.10079374702754505,0.02115071221439669,0.017442158281997768,0.03357974447327517
24,45,1.0,0.1,0.10943826470154647,0.021312362752637787,0.0186104184064765,0.03642410678995402
24,45,1.0,0.2,0.1266201383623069,0.021751941431268903,0.022404908830309857,0.04503675113969325
24,45,2.0,0.05,0.10091658010139729,0.02115102730447683,0.024864124939692638,0.04786008618569915
24,45,2.0,0.1,0.10993609032947681,0.021315239364941105,0.025993196214043557,0.05091303392207907
24,45,2.0,0.2,0.12914209124811848,0.02177265399967617,0.029134617387353377,0.05892827619082708
24,45,4.0,0.05,0.10097328666630033,0.021151039491070514,0.03515415492165826,0.06765677240151449
24,45,4.0,0.1,0.11016181083542803,0.021315401011530545,0.03657842427547274,0.07167919798376815
24,45,4.0,0.2,0.13047518489035637,0.021776790884167202,0.03971332407846465,0.08066887882251915
24,90,0.5,0.05,0.07306548264440388,0.016028292371972366,0.008825945909529592,0.016990121061757985
24,90,0.5,0.1,0.07855524040755074,0.01611167203069214,0.009842353958128675,0.019217224647541362
24,90,0.5,0.2,0.08865114770735122,0.016357367153167227,0.01311242082719466,0.02594890340922092
24,90,1.0,0.05,0.07321944703158767,0.016028522916843754,0.012330903421876207,0.023737912967192597
24,90,1.0,0.1,0.07912336865556005,0.016114208717458393,0.013153509388631439,0.025737731295195448
24,90,1.0,0.2,0.09087902683024317,0.01637013611300106,0.015831112171047605,0.03179340643053909
24,90,2.0,0.05,0.07329837270465073,0.01602854607138756,0.017392824235027988,0.03348304530721991
24,90,2.0,0.1,0.07943660053873758,0.016114839418873726,0.018195126234710503,0.03565229538630105
24,90,2.0,0.2,0.09248007864013912,0.01637683190671355,0.020422716010608945,0.04132918010038741
24,90,4.0,0.05,0.0733417974558746,0.01602874905703751,0.02485752964316557,0.047840201502036175
24,90,4.0,0.1,0.07961212948686662,0.016115952025313556,0.02585915053491529,0.050674734001438945
24,90,4.0,0.2,0.09348293273826015,0.01638230478144237,0.028043509601629768,0.056943533753051674
48,20,0.5,0.05,0.10057786458073828,0.02004347245606676,0.013242914362908559,0.02549673679083788
48,20,0.5,0.1,0.10978558863743003,0.020283173841177095,0.014773295456898018,0.028866568947023954
48,20,0.5,0.2,0.12659721616962205,0.020856403359174318,0.01969122376020666,0.039109568716915954
48,20,1.0,0.05,0.1008261285627228,0.020044441613650422,0.01850987580528273,0.035641560738058964
48,20,1.0,0.1,0.11071560772490889,0.02029382224664491,0.01976226305697297,0.03870250828138316
48,20,1.0,0.2,0.1303709615344569,0.020911166313826852,0.023808664238656404,0.04797223030178081
48,20,2.0,0.05,0.1009540245862495,0.02004456728300636,0.026129254900387384,0.050323890780753854
48,20,2.0,0.1,0.11122464821809774,0.02029651978173352,0.027391069209643095,0.05374903322368366
48,20,2.0,0.2,0.13299386822679385,0.020940001056880823,0.030824111600757653,0.06262101817522217
48,20,4.0,0.05,0.10101978395559451,0.020044617762627108,0.03701597112314392,0.07131814364429254
48,20,4.0,0.1,0.11148859907504259,0.020296942688644706,0.03872300456141499,0.07614841754964638
48,20,4.0,0.2,0.13453206627587402,0.020948103355614252,0.042332852495198275,0.08665936071567566
48,45,0.5,0.05,0.07111474035289882,0.014955429146591764,0.008826704278163854,0.01699230482275414
48,45,0.5,0.1,0.07680132141388823,0.01506590266192205,0.009844197223301739,0.019224883873485404
48,45,0.5,0.2,0.0872227471315267,0.015359583980793868,0.013116553898767544,0.02598356321613199
48,45,1.0,0.05,0.07127194202437853,0.014955812033725039,0.012333468399729725,0.023744465027564363
48,45,1.0,0.1,0.07738453909175189,0.015070116225497773,0.013159553055938474,0.025755732909839457
48,45,1.0,0.2,0.08953395847076612,0.015380945290022856,0.015842662965778458,0.03184579213348807
48,45,2.0,0.05,0.07135879812385343,0.01495603483605739,0.01758159135312622,0.03384219149008048
48,45,2.0,0.1,0.07773655496910988,0.015072150297564292,0.01837996530766269,0.03600095153708283
48,45,2.0,0.2,0.09131724845815646,0.015395591287599429,0.02060128552187307,0.04166858369816761
48,45,4.0,0.05,0.07139889572043416,0.014956043453280422,0.024857741331987,0.04784056255830575
48,45,4.0,0.1,0.07789616346952084,0.015072264598963842,0.025864851850305404,0.050684846964335555
48,45,4.0,0.2,0.09225988801253955,0.015398516506676022,0.028081560759341352,0.05704151124611917
48,90,0.5,0.05,0.05166509824852598,0.01133371422706227,0.006240886203014045,0.012013829815949457
48,90,0.5,0.1,0.055546943189918624,0.011392672549156043,0.006959595226631042,0.013588629863861758
48,90,0.5,0.2,0.0626858277038383,0.011566405236362638,0.009271881684681063,0.018348645565014837
48,90,1.0,0.05,0.051773967510764865,0.0113338772469042,0.008719265427765067,0.016785239230317966
48,90,1.0,0.1,0.05594867052666964,0.011394466257570209,0.009300935685102207,0.018199324331189922
48,90,1.0,0.2,0.06426117613929914,0.01157543425444984,0.01119428676987265,0.022481333284054175
48,90,2.0,0.05,0.051829776389397474,0.011333893619639138,0.012298583960574016,0.023676088391511606
48,90,2.0,0.1,0.0561701589153483,0.011394912230817894,0.012865897145109051,0.02520997983251933
48,90,2.0,0.2,0.06539329073110756,0.011580168895589368,0.01444104098134866,0.02922414350986405
48,90,4.0,0.05,0.05186048232545921,0.011334037152168701,0.017576927774227997,0.03382813089542064
48,90,4.0,0.1,0.056294276624864886,0.01139569896237629,0.01828518069896234,0.03583244804724199
48,90,4.0,0.2,0.06610241566442966,0.0115840388024227,0.01982975580758246,0.040265158861507895
