N,session_min,probe_every_min,r_obs,mle_k_inh,mle_A0,mle_alpha,mle_beta,medabs_k_inh,medabs_A0,medabs_alpha,medabs_beta,seconds,fits
6,20,0.5,0.05,0.3571596189772816,0.06536465017192507,0.044858043094750166,0.07075379849475569,0.3471080093691588,0.06347279247537845,0.03306340922698405,0.04300501451161751,141.5,"[{""k_inh"": 0.1552792724024489, ""A0"": 0.6516677220841469, ""sigma_A"": 0.10257581621399091, ""k_int"": 0.09513850810448586, ""k_d"": 0.03488160415967672, ""sigma_Phi"": 0.04670234972572046, ""alpha"": 2.191298143537627, ""beta"": 1.8414285894893638, ""gamma0"": 0.13352791183069526, ""r_A"": 0.04662626162813586, ""r_Phi"": 0.050494158778420374, ""r_Q"": 0.2839951708250118}, {""k_inh"": 0.3454475595423409, ""A0"": 0.5619163245147729, ""sigma_A"": 0.11120986280631787, ""k_int"": 0.0952248732968902, ""k_d"": 0.040535771355185914, ""sigma_Phi"": 0.041686600435365255, ""alpha"": 2.34461090871903, ""beta"": 1.7895806228632753, ""gamma0"": -0.03393646754196396, ""r_A"": 0.04793238901361701, ""r_Phi"": 0.05393137860050638, ""r_Q"": 0.3062384522604969}, {""k_inh"": 0.14134579815655635, ""A0"": 0.557902350740624, ""sigma_A"": 0.09788098859978056, ""k_int"": 0.12176582643671097, ""k_d"": 0.052274442065062474, ""sigma_Phi"": 0.04998697752852039, ""alpha"": 2.293961170486893, ""beta"": 1.6013735747240523, ""gamma0"": -0.07392180662393985, ""r_A"": 0.05012677729033403, ""r_Phi"": 0.05095134596938702, ""r_Q"": 0.3010570088210862}, {""k_inh"": 0.29476891005596007, ""A0"": 0.575119763318531, ""sigma_A"": 0.09570844545862657, ""k_int"": 0.12457396769732104, ""k_d"": 0.048004824628778774, ""sigma_Phi"": 0.04846870888897847, ""alpha"": 2.4173683775911425, ""beta"": 1.872049658651732, ""gamma0"": -0.08568781087184513, ""r_A"": 0.05029153431319667, ""r_Phi"": 0.050550370879894356, ""r_Q"": 0.3002623196894642}, {""k_inh"": 0.2132931933191375, ""A0"": 0.634342530358967, ""sigma_A"": 0.09530746692316983, ""k_int"": 0.06949504266886214, ""k_d"": 0.02996146337951997, ""sigma_Phi"": 0.04487320221178885, ""alpha"": 2.182353957256459, ""beta"": 1.9598954743041457, ""gamma0"": 0.1989699757888714, ""r_A"": 0.05113060661216293, ""r_Phi"": 0.051570333347277966, ""r_Q"": 0.28902270774300337}]"
6,20,2.0,0.1,0.336997654972235,0.07791696342625852,0.08155803667110449,0.14534028620369618,0.2983336170322256,0.03139363733025462,0.09790351037823222,0.12091654283930721,145.8,"[{""k_inh"": 0.2883975433598609, ""A0"": 0.6188361823981527, ""sigma_A"": 0.10114064041334533, ""k_int"": 0.06094678045436688, ""k_d"": 0.02795947513489943, ""sigma_Phi"": 0.04459294974666776, ""alpha"": 2.1109057857149365, ""beta"": 1.946696195629071, ""gamma0"": 0.24382668679175057, ""r_A"": 0.10624475866906329, ""r_Phi"": 0.10391181702313412, ""r_Q"": 0.30167584651999857}, {""k_inh"": 0.3272773302700357, ""A0"": 0.6950993435897911, ""sigma_A"": 0.11273217295456857, ""k_int"": 0.0699363485658302, ""k_d"": 0.02432361207952173, ""sigma_Phi"": 0.041415510737927985, ""alpha"": 2.585137996933107, ""beta"": 1.6438860648904956, ""gamma0"": -0.4503343775074744, ""r_A"": 0.09627713693073285, ""r_Phi"": 0.10326275731747256, ""r_Q"": 0.32290598452265884}, {""k_inh"": 0.26157151994706684, ""A0"": 0.615555749786443, ""sigma_A"": 0.10832923455552727, ""k_int"": 0.156056764131188, ""k_d"": 0.06246924545473506, ""sigma_Phi"": 0.05459910351297151, ""alpha"": 2.325205574699168, ""beta"": 2.1017691984597526, ""gamma0"": 0.10914881426934119, ""r_A"": 0.10138139707921828, ""r_Phi"": 0.10134610593139695, ""r_Q"": 0.31285055061289563}, {""k_inh"": 0.2695222597950528, ""A0"": 0.5647865066740672, ""sigma_A"": 0.10690530923923044, ""k_int"": 0.04781430484065101, ""k_d"": 0.021750609704386355, ""sigma_Phi"": 0.04038504984968278, ""alpha"": 2.0767656692640393, ""beta"": 1.8480609812026345, ""gamma0"": 0.25706135817620446, ""r_A"": 0.09506157045638826, ""r_Phi"": 0.0956934968676977, ""r_Q"": 0.2895619182674654}, {""k_inh"": 0.16805680670065565, ""A0"": 0.6068729439867112, ""sigma_A"": 0.0893414218449685, ""k_int"": 0.06025060806610836, ""k_d"": 0.02601610603958524, ""sigma_Phi"": 0.04764666500541745, ""alpha"": 2.3352435811982857, ""beta"": 2.3780659012712495, ""gamma0"": 0.34820481646899515, ""r_A"": 0.09851823173451744, ""r_Phi"": 0.09757090599430981, ""r_Q"": 0.2568049169928171}]"
6,45,1.0,0.1,0.20134492042792815,0.03855414862814887,0.026300611466722724,0.10713290230299802,0.13880090118819916,0.014135500230439043,0.011913452830214215,0.07960036022502875,283.6,"[{""k_inh"": 0.22665821633484898, ""A0"": 0.5523248858575972, ""sigma_A"": 0.10031429099328558, ""k_int"": 0.10187834391909376, ""k_d"": 0.045498738253257204, ""sigma_Phi"": 0.0521443628584112, ""alpha"": 2.3457041275403423, ""beta"": 1.7528355020940518, ""gamma0"": -0.06619215504920303, ""r_A"": 0.09695193261258375, ""r_Phi"": 0.09761802692190423, ""r_Q"": 0.2976149523687477}, {""k_inh"": 0.14037602149885373, ""A0"": 0.6062087971308456, ""sigma_A"": 0.10377412861741384, ""k_int"": 0.11142323193878698, ""k_d"": 0.04374676604058154, ""sigma_Phi"": 0.048478713561024525, ""alpha"": 2.216184269830579, ""beta"": 1.7127626393522875, ""gamma0"": 0.03966153359447103, ""r_A"": 0.09782111095117926, ""r_Phi"": 0.10025258846581482, ""r_Q"": 0.29317758871126903}, {""k_inh"": 0.17408026141478486, ""A0"": 0.6084813001382634, ""sigma_A"": 0.09585745703610493, ""k_int"": 0.046389222480759176, ""k_d"": 0.01847443206347566, ""sigma_Phi"": 0.04131785604423204, ""alpha"": 2.367877479622701, ""beta"": 1.4962215867655466, ""gamma0"": -0.2969922625970831, ""r_A"": 0.09766376268825529, ""r_Phi"": 0.09944342552504491, ""r_Q"": 0.33023713737963756}, {""k_inh"": 0.17552120420497044, ""A0"": 0.5850816006896776, ""sigma_A"": 0.09946597727109344, ""k_int"": 0.10461440107144984, ""k_d"": 0.04504559673002769, ""sigma_Phi"": 0.0519683954138332, ""alpha"": 2.387996052087977, ""beta"": 1.7211473263791963, ""gamma0"": -0.12400036435059383, ""r_A"": 0.10181976502683235, ""r_Phi"": 0.10013307410257946, ""r_Q"": 0.31066255917018604}, {""k_inh"": 0.23457042589672866, ""A0"": 0.6083428722436487, ""sigma_A"": 0.1045220134606299, ""k_int"": 0.07480203726279813, ""k_d"": 0.03277681416212793, ""sigma_Phi"": 0.04716579516257643, ""alpha"": 2.3622333622832286, ""beta"": 1.8510500707188644, ""gamma0"": -0.01955316155964935, ""r_A"": 0.10051033859776641, ""r_Phi"": 0.09640374269368807, ""r_Q"": 0.30323905061229633}]"
6,90,1.0,0.05,0.19087495186809186,0.03955443819244156,0.022416211824186967,0.05866266034264032,0.1682734843831701,0.04443129146162258,0.02210686988232912,0.037935152986681125,571.4,"[{""k_inh"": 0.22937841424564492, ""A0"": 0.5724334609279444, ""sigma_A"": 0.09578757140978186, ""k_int"": 0.07324876265745259, ""k_d"": 0.03103217213754007, ""sigma_Phi"": 0.0527640363589294, ""alpha"": 2.392725093820369, ""beta"": 1.8925979008926814, ""gamma0"": -0.038471589477405116, ""r_A"": 0.05057601669975284, ""r_Phi"": 0.050730394179604926, ""r_Q"": 0.2915176076256357}, {""k_inh"": 0.16902453504466233, ""A0"": 0.5696265909528987, ""sigma_A"": 0.09352847245221627, ""k_int"": 0.07230199417426846, ""k_d"": 0.03070171120078935, ""sigma_Phi"": 0.04922771694396849, ""alpha"": 2.3367532945554195, ""beta"": 1.9409387360850938, ""gamma0"": 0.03888905416958639, ""r_A"": 0.051533456678323285, ""r_Phi"": 0.049122645219012294, ""r_Q"": 0.30728901015070237}, {""k_inh"": 0.1783860105651394, ""A0"": 0.6054713368081488, ""sigma_A"": 0.100124422511717, ""k_int"": 0.08776255965660526, ""k_d"": 0.03605031072950975, ""sigma_Phi"": 0.05113197672536356, ""alpha"": 2.328444941593945, ""beta"": 1.8047060360768696, ""gamma0"": -0.022529754276701234, ""r_A"": 0.049739537539085936, ""r_Phi"": 0.050842265533613935, ""r_Q"": 0.2779238321834025}, {""k_inh"": 0.23870612184807571, ""A0"": 0.5733412251230264, ""sigma_A"": 0.09878353308499671, ""k_int"": 0.06033948994148449, ""k_d"": 0.024626939661974722, ""sigma_Phi"": 0.04827270946228399, ""alpha"": 2.430316555140588, ""beta"": 1.9983374315540925, ""gamma0"": -0.024319755747056984, ""r_A"": 0.050335784256505464, ""r_Phi"": 0.0503634810254403, ""r_Q"": 0.31518463484261744}, {""k_inh"": 0.27028040086292315, ""A0"": 0.6198270670380761, ""sigma_A"": 0.10266200502335143, ""k_int"": 0.056989284174559826, ""k_d"": 0.023244053574838667, ""sigma_Phi"": 0.05143464757060933, ""alpha"": 2.39173007552465, ""beta"": 1.685900088704826, ""gamma0"": -0.16459978675101114, ""r_A"": 0.05058530873057721, ""r_Phi"": 0.04993217227963042, ""r_Q"": 0.3061981338047965}]"
12,20,1.0,0.1,0.21244406744701777,0.03188710604878896,0.07646594142721315,0.07521903273091551,0.17603737567630542,0.020549286346072858,0.030110077483263113,0.01028757302873679,286.0,"[{""k_inh"": 0.2485248383698679, ""A0"": 0.6081616609012337, ""sigma_A"": 0.1086841268249719, ""k_int"": 0.07307795236107605, ""k_d"": 0.029476378007391484, ""sigma_Phi"": 0.04384048485374997, ""alpha"": 2.4104575813108355, ""beta"": 2.108778300638176, ""gamma0"": 0.07334389777391369, ""r_A"": 0.0951137118481233, ""r_Phi"": 0.09757451383634766, ""r_Q"": 0.30311846704105583}, {""k_inh"": 0.22857910787943386, ""A0"": 0.5848536442585821, ""sigma_A"": 0.0985700843370034, ""k_int"": 0.08854602821878126, ""k_d"": 0.03839417909842985, ""sigma_Phi"": 0.047868904528253105, ""alpha"": 2.2564803478523388, ""beta"": 1.889237761563738, ""gamma0"": 0.07998817701191695, ""r_A"": 0.10014846914994073, ""r_Phi"": 0.09917606709684679, ""r_Q"": 0.28124718308270036}, {""k_inh"": 0.14096418973959027, ""A0"": 0.5906815865440254, ""sigma_A"": 0.08408691119315331, ""k_int"": 0.08525143297173399, ""k_d"": 0.039035482044359006, ""sigma_Phi"": 0.04487180199100704, ""alpha"": 2.720906621852149, ""beta"": 1.66711261584953, ""gamma0"": -0.4427943984632423, ""r_A"": 0.10240184743608328, ""r_Phi"": 0.09967852374178306, ""r_Q"": 0.29908988464407615}, {""k_inh"": 0.23849652553249145, ""A0"": 0.5640091457910285, ""sigma_A"": 0.09348513178109052, ""k_int"": 0.0667180761786512, ""k_d"": 0.029113944441390472, ""sigma_Phi"": 0.048925142953866574, ""alpha"": 2.3308135757398074, ""beta"": 1.8546952400389545, ""gamma0"": 0.013993009141975796, ""r_A"": 0.10382166707379274, ""r_Phi"": 0.10046866999014376, ""r_Q"": 0.32388878465464493}, {""k_inh"": 0.18364456019795578, ""A0"": 0.5876704281923563, ""sigma_A"": 0.09192377098652137, ""k_int"": 0.08470618434404022, ""k_d"": 0.03831836280730973, ""sigma_Phi"": 0.04616738507005384, ""alpha"": 2.2855369985230136, ""beta"": 1.8580455722925249, ""gamma0"": 0.04455572249032369, ""r_A"": 0.10009502572324505, ""r_Phi"": 0.1000635991216464, ""r_Q"": 0.3099343817070686}]"
12,20,2.0,0.2,0.24734108321599768,0.045586518160334245,0.1177838481011166,0.1301904679184437,0.23406871076348204,0.008938765426403743,0.12060513783815859,0.09656633224583121,344.0,"[{""k_inh"": 0.15825060194527202, ""A0"": 0.5441726495250884, ""sigma_A"": 0.08579085940683197, ""k_int"": 0.11358303660499645, ""k_d"": 0.051727146621808884, ""sigma_Phi"": 0.04698084140819983, ""alpha"": 2.039546062728811, ""beta"": 1.9496362167253234, ""gamma0"": 0.28720271676684866, ""r_A"": 0.20378038438814305, ""r_Phi"": 0.1956330688562818, ""r_Q"": 0.2927135679405088}, {""k_inh"": 0.17438284229381046, ""A0"": 0.5956098536519401, ""sigma_A"": 0.08876379904935537, ""k_int"": 0.10383460599592602, ""k_d"": 0.04079861454267339, ""sigma_Phi"": 0.05536267264872345, ""alpha"": 2.057783977458709, ""beta"": 2.0505790412997045, ""gamma0"": 0.3594381146204054, ""r_A"": 0.20252297140329695, ""r_Phi"": 0.1965069698533722, ""r_Q"": 0.32731333953153186}, {""k_inh"": 0.23385516696189285, ""A0"": 0.6053632592558422, ""sigma_A"": 0.09961759177813392, ""k_int"": 0.11655319912479269, ""k_d"": 0.053294593990021275, ""sigma_Phi"": 0.047811396357885186, ""alpha"": 2.566091898889437, ""beta"": 1.9204602298297555, ""gamma0"": -0.1713948666890363, ""r_A"": 0.19875792270266232, ""r_Phi"": 0.19837725721928964, ""r_Q"": 0.29266409655606546}, {""k_inh"": 0.29575059475411103, ""A0"": 0.5996346730454326, ""sigma_A"": 0.09968763654032894, ""k_int"": 0.06984230385902551, ""k_d"": 0.03265311095136146, ""sigma_Phi"": 0.051123449519828376, ""alpha"": 2.096776341218392, ""beta"": 1.3988929588242116, ""gamma0"": -0.08356798050460314, ""r_A"": 0.19784631664105573, ""r_Phi"": 0.20094311382110924, ""r_Q"": 0.30632879764921866}, {""k_inh"": 0.25274626423372304, ""A0"": 0.5760047777936239, ""sigma_A"": 0.11573596029829587, ""k_int"": 0.09622228245560707, ""k_d"": 0.040708320700334866, ""sigma_Phi"": 0.050629565961915396, ""alpha"": 2.65562984971568, ""beta"": 2.0514269812775003, ""gamma0"": -0.26804989826655246, ""r_A"": 0.1999878553786108, ""r_Phi"": 0.19941581332040775, ""r_Q"": 0.2932176843089159}]"
12,45,2.0,0.1,0.19686004995386608,0.02601309281276498,0.03839418581632681,0.07709322146129523,0.1611237121917795,0.00786336903426314,0.033927068921331585,0.08242851251316914,566.3,"[{""k_inh"": 0.20008778510768957, ""A0"": 0.5984085341094475, ""sigma_A"": 0.1029180069214631, ""k_int"": 0.09782058565481601, ""k_d"": 0.04129496513333878, ""sigma_Phi"": 0.04872445283742383, ""alpha"": 2.248804646390798, ""beta"": 1.8767880529578687, ""gamma0"": 0.08473800346965983, ""r_A"": 0.09943577897052527, ""r_Phi"": 0.1007544946608272, ""r_Q"": 0.2774335023822534}, {""k_inh"": 0.2349660601310978, ""A0"": 0.5996713539712771, ""sigma_A"": 0.11077744880615854, ""k_int"": 0.09125978545503916, ""k_d"": 0.0416239637442197, ""sigma_Phi"": 0.05537851017050311, ""alpha"": 2.260610658724084, ""beta"": 2.0241413183996264, ""gamma0"": 0.15010024978350944, ""r_A"": 0.09942845871441294, ""r_Phi"": 0.09992766131417619, ""r_Q"": 0.29755933952180047}, {""k_inh"": 0.2729277317704899, ""A0"": 0.5952819785794421, ""sigma_A"": 0.10450561941818858, ""k_int"": 0.0764283812613409, ""k_d"": 0.03277037629550722, ""sigma_Phi"": 0.05029357081779553, ""alpha"": 2.482887062403505, ""beta"": 1.6640983145971353, ""gamma0"": -0.2252177126074505, ""r_A"": 0.09847079552546918, ""r_Phi"": 0.09766845771068453, ""r_Q"": 0.29884403495545964}, {""k_inh"": 0.25855039746808767, ""A0"": 0.6301696095451207, ""sigma_A"": 0.10775092019753403, ""k_int"": 0.08899754271928403, ""k_d"": 0.03577293147665483, ""sigma_Phi"": 0.054144354738976, ""alpha"": 2.3407029979142524, ""beta"": 1.8579103391582803, ""gamma0"": -0.013462126726844043, ""r_A"": 0.09903672763085597, ""r_Phi"": 0.10319544190705653, ""r_Q"": 0.3002331196008571}, {""k_inh"": 0.18605529578708188, ""A0"": 0.6168202246629192, ""sigma_A"": 0.10363133798423836, ""k_int"": 0.10596580981009752, ""k_d"": 0.04210359073762823, ""sigma_Phi"": 0.04814127176003586, ""alpha"": 2.4129507552370892, ""beta"": 1.676171534311555, ""gamma0"": -0.18882640468123116, ""r_A"": 0.09921821862166919, ""r_Phi"": 0.1005780788986396, ""r_Q"": 0.3222121702242626}]"
12,45,0.5,0.05,0.07262663521693516,0.035737298621592965,0.01430707327886008,0.01571858071571539,0.05152224335687382,0.00864993306290048,0.01598582798101626,0.012167190119331869,563.9,"[{""k_inh"": 0.19430121895383282, ""A0"": 0.5972627378758065, ""sigma_A"": 0.09879389070886282, ""k_int"": 0.07685452200626425, ""k_d"": 0.03185184025339048, ""sigma_Phi"": 0.0496389258191865, ""alpha"": 2.2938595386493414, ""beta"": 1.9221123812094327, ""gamma0"": 0.0655973210340627, ""r_A"": 0.049674858674922, ""r_Phi"": 0.04987835870410802, ""r_Q"": 0.3114464739120739}, {""k_inh"": 0.18197874115351229, ""A0"": 0.5948100401622597, ""sigma_A"": 0.09344306753146431, ""k_int"": 0.08439046594214358, ""k_d"": 0.03467741917082099, ""sigma_Phi"": 0.05018427426700408, ""alpha"": 2.382249562770838, ""beta"": 1.8472473544768495, ""gamma0"": -0.055746661295797376, ""r_A"": 0.05220003885452177, ""r_Phi"": 0.05004693371552929, ""r_Q"": 0.3033540209158242}, {""k_inh"": 0.20952268645114167, ""A0"": 0.6433003810830167, ""sigma_A"": 0.1043513678962342, ""k_int"": 0.08765139635846039, ""k_d"": 0.03564590415660129, ""sigma_Phi"": 0.04794309979498067, ""alpha"": 2.328888377832459, ""beta"": 1.8535803492680487, ""gamma0"": -0.0029090106434801746, ""r_A"": 0.04784136654320459, ""r_Phi"": 0.049635746457117075, ""r_Q"": 0.29475163181054603}, {""k_inh"": 0.21057452109055558, ""A0"": 0.619403145125668, ""sigma_A"": 0.10009380030585621, ""k_int"": 0.08220048647552848, ""k_d"": 0.035143294024966965, ""sigma_Phi"": 0.05094903456428062, ""alpha"": 2.377406837475578, ""beta"": 1.8829257524946512, ""gamma0"": -0.020549426988240613, ""r_A"": 0.05075222793190959, ""r_Phi"": 0.04995619978331403, ""r_Q"": 0.2902105985550875}, {""k_inh"": 0.22295232384284921, ""A0"": 0.5963882423630684, ""sigma_A"": 0.10029791030005182, ""k_int"": 0.07016869641995213, ""k_d"": 0.03113402592554253, ""sigma_Phi"": 0.048557895008205156, ""alpha"": 2.3529367568732646, ""beta"": 1.8445068962242568, ""gamma0"": -0.026534081490843024, ""r_A"": 0.05048226358245387, ""r_Phi"": 0.050777993545678225, ""r_Q"": 0.30294257022112747}]"
12,90,1.0,0.1,0.14003379007003203,0.019696968363120078,0.00868453989995366,0.035322326821940024,0.15106977757628257,0.017481412683786522,0.003626675424102566,0.022779158889126377,1176.4,"[{""k_inh"": 0.17781455970683888, ""A0"": 0.5957002644741932, ""sigma_A"": 0.10187313669842434, ""k_int"": 0.08142087621521589, ""k_d"": 0.0339442739266134, ""sigma_Phi"": 0.05039743409914067, ""alpha"": 2.300488474659905, ""beta"": 1.8409705849834876, ""gamma0"": 0.009606516739749183, ""r_A"": 0.1002718922459644, ""r_Phi"": 0.10148009667855672, ""r_Q"": 0.3029604803087114}, {""k_inh"": 0.232615562400235, ""A0"": 0.612262526103523, ""sigma_A"": 0.10978806089611161, ""k_int"": 0.071196369154142, ""k_d"": 0.02762774025708858, ""sigma_Phi"": 0.050002998613993974, ""alpha"": 2.359131219219183, ""beta"": 1.8274029728773338, ""gamma0"": -0.03829956925287456, ""r_A"": 0.0988015164531466, ""r_Phi"": 0.098996359351325, ""r_Q"": 0.3071999543047528}, {""k_inh"": 0.1656810209576023, ""A0"": 0.6077338383583916, ""sigma_A"": 0.09210019210730658, ""k_int"": 0.07983500009698778, ""k_d"": 0.0336352481705235, ""sigma_Phi"": 0.049801413652410635, ""alpha"": 2.3315135795076, ""beta"": 1.7542097454468581, ""gamma0"": -0.06465436145238333, ""r_A"": 0.10301283877962637, ""r_Phi"": 0.10113173842821553, ""r_Q"": 0.29683031905432744}, {""k_inh"": 0.170634436617541, ""A0"": 0.6189647452099745, ""sigma_A"": 0.09914573050662964, ""k_int"": 0.08387958550098477, ""k_d"": 0.03494011206735675, ""sigma_Phi"": 0.047025769629052236, ""alpha"": 2.3319002794655055, ""beta"": 1.9375563725153708, ""gamma0"": 0.05485286853431254, ""r_A"": 0.09963377762441936, ""r_Phi"": 0.10124983997015896, ""r_Q"": 0.2926754593074611}, {""k_inh"": 0.1946099274940838, ""A0"": 0.6104888476102719, ""sigma_A"": 0.09931356424814261, ""k_int"": 0.0776253963773986, ""k_d"": 0.031109267660710923, ""sigma_Phi"": 0.04968552474198189, ""alpha"": 2.339694164180756, ""beta"": 1.8355562849818117, ""gamma0"": -0.022675344660243384, ""r_A"": 0.09845972796858717, ""r_Phi"": 0.1022913726606577, ""r_Q"": 0.313385016457719}]"
12,90,4.0,0.2,0.146679453799702,0.021365478577156517,0.03987756175869545,0.06474951133337298,0.11867591400619742,0.015488279211464489,0.03313868182187776,0.07522428556336226,1465.9,"[{""k_inh"": 0.2427223721602022, ""A0"": 0.6077625410574794, ""sigma_A"": 0.11030643999265351, ""k_int"": 0.08305165655380829, ""k_d"": 0.03373274397430646, ""sigma_Phi"": 0.04979281907947092, ""alpha"": 2.3477130572167826, ""beta"": 1.8621980543346461, ""gamma0"": -0.03413889051952996, ""r_A"": 0.201388090914985, ""r_Phi"": 0.19777637758555822, ""r_Q"": 0.2958923448914695}, {""k_inh"": 0.20142350095045378, ""A0"": 0.6173002938601355, ""sigma_A"": 0.09918891282514423, ""k_int"": 0.09428332275650214, ""k_d"": 0.03870204966712905, ""sigma_Phi"": 0.04906415674145948, ""alpha"": 2.2448395412073516, ""beta"": 2.040141464335636, ""gamma0"": 0.19994231640791482, ""r_A"": 0.20195613074055555, ""r_Phi"": 0.1985478132149454, ""r_Q"": 0.269766187699595}, {""k_inh"": 0.1619269064640235, ""A0"": 0.6181771457597215, ""sigma_A"": 0.09610719691348607, ""k_int"": 0.08523999592439636, ""k_d"": 0.03512346714312847, ""sigma_Phi"": 0.048922500841759205, ""alpha"": 2.183268800756041, ""beta"": 1.717966739978701, ""gamma0"": 0.0757703478255046, ""r_A"": 0.19969562262757537, ""r_Phi"": 0.2007547247551436, ""r_Q"": 0.29104113560618144}, {""k_inh"": 0.17977584337773525, ""A0"": 0.5907070324731213, ""sigma_A"": 0.09278999622313942, ""k_int"": 0.0878934694314951, ""k_d"": 0.03803571383310896, ""sigma_Phi"": 0.04962618866397191, ""alpha"": 2.417544515463194, ""beta"": 1.907319809007145, ""gamma0"": -0.054777054563315476, ""r_A"": 0.20018550917758143, ""r_Phi"": 0.2015389401633923, ""r_Q"": 0.28205381132693785}, {""k_inh"": 0.1776191146928796, ""A0"": 0.5932660910346367, ""sigma_A"": 0.09242899620764967, ""k_int"": 0.08468548311794236, ""k_d"": 0.03556750107627671, ""sigma_Phi"": 0.05336331025571579, ""alpha"": 2.277998254627784, ""beta"": 1.7293305859965127, ""gamma0"": -0.07075562315210122, ""r_A"": 0.20494997728624945, ""r_Phi"": 0.1982641072958227, ""r_Q"": 0.3164816616559511}]"
24,20,0.5,0.05,0.1978939319091063,0.038917396533497864,0.012490992136874,0.04587188311416822,0.21177699653761395,0.013514040932073498,0.01173287856170326,0.026923029038359324,593.3,"[{""k_inh"": 0.17969689329878788, ""A0"": 0.6044994750242794, ""sigma_A"": 0.09364041335846439, ""k_int"": 0.07497122771237237, ""k_d"": 0.03276311394741051, ""sigma_Phi"": 0.05159903577617255, ""alpha"": 2.313451969328273, ""beta"": 1.9051836014736179, ""gamma0"": 0.04410952053367666, ""r_A"": 0.04955904946111889, ""r_Phi"": 0.048930250670662645, ""r_Q"": 0.30633369778796254}, {""k_inh"": 0.1618290239223256, ""A0"": 0.6081084245592441, ""sigma_A"": 0.09640683222655858, ""k_int"": 0.09709164823998011, ""k_d"": 0.03836027431461238, ""sigma_Phi"": 0.050981926569988234, ""alpha"": 2.3733316251045546, ""beta"": 1.715914695179323, ""gamma0"": -0.12656185802459355, ""r_A"": 0.050166210364852526, ""r_Phi"": 0.05060267868260772, ""r_Q"": 0.30372719472425697}, {""k_inh"": 0.16490277052051164, ""A0"": 0.5672238548075066, ""sigma_A"": 0.08964510085469954, ""k_int"": 0.08248883336705011, ""k_d"": 0.037988985724617785, ""sigma_Phi"": 0.04883343257116409, ""alpha"": 2.3674549358343855, ""beta"": 1.8196539356982682, ""gamma0"": -0.04738454012755826, ""r_A"": 0.05011896014965559, ""r_Phi"": 0.05119813282582058, ""r_Q"": 0.2912196901280409}, {""k_inh"": 0.25178400637904735, ""A0"": 0.5954573891917122, ""sigma_A"": 0.10505152112336351, ""k_int"": 0.07488150607775375, ""k_d"": 0.03111539021938352, ""sigma_Phi"": 0.04763823471840873, ""alpha"": 2.3533219928895646, ""beta"": 1.882877912320501, ""gamma0"": -0.007729928745175614, ""r_A"": 0.049406361669401454, ""r_Phi"": 0.047924532098546344, ""r_Q"": 0.31080184835107716}, {""k_inh"": 0.16019511128296132, ""A0"": 0.5606895443381805, ""sigma_A"": 0.09322209323873686, ""k_int"": 0.07158507530183987, ""k_d"": 0.032597884663211764, ""sigma_Phi"": 0.046645823753496456, ""alpha"": 2.3009538077567004, ""beta"": 1.7745501717800518, ""gamma0"": -0.015770320888296302, ""r_A"": 0.05198008055551366, ""r_Phi"": 0.05145960282648702, ""r_Q"": 0.2911299075951769}]"
24,20,2.0,0.1,0.08142003040664758,0.027900243089868076,0.017114271382535514,0.09455059763484328,0.046344787169261506,0.014873355208586866,0.019006274808775495,0.07872329421326887,581.6,"[{""k_inh"": 0.19553247740111063, ""A0"": 0.6089240131251521, ""sigma_A"": 0.10469459741829866, ""k_int"": 0.08277828269311202, ""k_d"": 0.03544756370625149, ""sigma_Phi"": 0.04772840304103305, ""alpha"": 2.3125533287324775, ""beta"": 1.6560488426384121, ""gamma0"": -0.13035491910311725, ""r_A"": 0.09862241374829606, ""r_Phi"": 0.10009923474776111, ""r_Q"": 0.29297528954601165}, {""k_inh"": 0.19271370088051648, ""A0"": 0.6258816076157694, ""sigma_A"": 0.09284789687323056, ""k_int"": 0.07173205635286513, ""k_d"": 0.030546306637596072, ""sigma_Phi"": 0.05021024047465647, ""alpha"": 2.3196754067313887, ""beta"": 1.9325973283039803, ""gamma0"": 0.08707338267723873, ""r_A"": 0.10355240123385982, ""r_Phi"": 0.1012407699130478, ""r_Q"": 0.2911781653287646}, {""k_inh"": 0.17954574523099026, ""A0"": 0.608585122223399, ""sigma_A"": 0.0945144327343186, ""k_int"": 0.08385944944266664, ""k_d"": 0.03491214462424307, ""sigma_Phi"": 0.04243777272564579, ""alpha"": 2.2950194143436575, ""beta"": 2.017212560178813, ""gamma0"": 0.11886391948207665, ""r_A"": 0.09987429380106305, ""r_Phi"": 0.09855124196354395, ""r_Q"": 0.2799740921212087}, {""k_inh"": 0.17523704417646918, ""A0"": 0.5959553538646312, ""sigma_A"": 0.09311704675970478, ""k_int"": 0.1043241422699489, ""k_d"": 0.04057551718505598, ""sigma_Phi"": 0.04527281574326452, ""alpha"": 2.3844746830525345, ""beta"": 1.8458644302288727, ""gamma0"": -0.07404558792966828, ""r_A"": 0.10116439638573302, ""r_Phi"": 0.09883705172637557, ""r_Q"": 0.3049029645300689}, {""k_inh"": 0.19094254654727047, ""A0"": 0.6236981709645939, ""sigma_A"": 0.09762836716592774, ""k_int"": 0.09931105796978602, ""k_d"": 0.04116674744614764, ""sigma_Phi"": 0.050648979091332876, ""alpha"": 2.393397657923238, ""beta"": 1.5795510070784105, ""gamma0"": -0.2085653131336577, ""r_A"": 0.10010237220374732, ""r_Phi"": 0.10050860317749509, ""r_Q"": 0.31658770057816754}]"
24,45,1.0,0.1,0.09991122240632457,0.02304199875921149,0.02989007669690714,0.034882658183492385,0.03557119570336896,0.012089014703789425,0.018598639441470586,0.036869215091004465,1175.4,"[{""k_inh"": 0.20724228386055493, ""A0"": 0.5972244301783328, ""sigma_A"": 0.10603482195309515, ""k_int"": 0.08172286344933422, ""k_d"": 0.034446153557506784, ""sigma_Phi"": 0.05225295477061648, ""alpha"": 2.35376820781421, ""beta"": 1.7822274246380823, ""gamma0"": -0.07210256967234267, ""r_A"": 0.10039634246960584, ""r_Phi"": 0.10036630726131397, ""r_Q"": 0.3142226244497051}, {""k_inh"": 0.20397111947640478, ""A0"": 0.5784180615279836, ""sigma_A"": 0.09888472347092181, ""k_int"": 0.09793744147626902, ""k_d"": 0.04277742932292148, ""sigma_Phi"": 0.050860474649921474, ""alpha"": 2.2117284306059255, ""beta"": 1.7917387898828767, ""gamma0"": 0.08113209442361348, ""r_A"": 0.10023663930221181, ""r_Phi"": 0.10007378389355316, ""r_Q"": 0.2878915996876981}, {""k_inh"": 0.24047943578173567, ""A0"": 0.6200961150244191, ""sigma_A"": 0.10089958756469397, ""k_int"": 0.0910472916168833, ""k_d"": 0.037088916578566555, ""sigma_Phi"": 0.04939288464935443, ""alpha"": 2.4155595245442654, ""beta"": 1.8010545677798218, ""gamma0"": -0.099107494143044, ""r_A"": 0.09862111396316606, ""r_Phi"": 0.09852428136766037, ""r_Q"": 0.29383227635642656}, {""k_inh"": 0.17806189754897253, ""A0"": 0.5949274229811135, ""sigma_A"": 0.09577709748854063, ""k_int"": 0.08379606226365173, ""k_d"": 0.03526195813203313, ""sigma_Phi"": 0.05089110490500819, ""alpha"": 2.2964791837069587, ""beta"": 1.8378686913010631, ""gamma0"": 0.02715847014803135, ""r_A"": 0.10084620455321919, ""r_Phi"": 0.0977921745514823, ""r_Q"": 0.2846588346238311}, {""k_inh"": 0.2056913967673177, ""A0"": 0.6072534088222736, ""sigma_A"": 0.10324655240603596, ""k_int"": 0.06755446248269255, ""k_d"": 0.027446226792160165, ""sigma_Phi"": 0.04863131921872869, ""alpha"": 2.354611630267582, ""beta"": 1.829251978954585, ""gamma0"": -0.03378098930318762, ""r_A"": 0.10010066131661106, ""r_Phi"": 0.10045114285563886, ""r_Q"": 0.3103146918925067}]"
24,45,4.0,0.2,0.0519064173401764,0.013135369647770002,0.05576439870291488,0.06937300771094576,0.04425165817674888,0.01358191556682542,0.05936431836166659,0.0639530248392859,1502.2,"[{""k_inh"": 0.1909989674473403, ""A0"": 0.5959984408300276, ""sigma_A"": 0.09553525391491663, ""k_int"": 0.07532623915447118, ""k_d"": 0.02999116886869178, ""sigma_Phi"": 0.04379024831555617, ""alpha"": 2.490357029157935, ""beta"": 1.7504078435505355, ""gamma0"": -0.19967201418746475, ""r_A"": 0.19620332321566086, ""r_Phi"": 0.19691727839143913, ""r_Q"": 0.28049075470019896}, {""k_inh"": 0.1992523377148335, ""A0"": 0.6081491493400952, ""sigma_A"": 0.09554611124140634, ""k_int"": 0.105158701977586, ""k_d"": 0.04342412540455597, ""sigma_Phi"": 0.04606684891653756, ""alpha"": 2.207678140800925, ""beta"": 2.0702059763680203, ""gamma0"": 0.2645427109527052, ""r_A"": 0.201486661931334, ""r_Phi"": 0.20152712901166853, ""r_Q"": 0.315699249994252}, {""k_inh"": 0.21908750706186655, ""A0"": 0.6104110919838813, ""sigma_A"": 0.09477726323015076, ""k_int"": 0.056712808354278645, ""k_d"": 0.024611053802331254, ""sigma_Phi"": 0.04600382880495136, ""alpha"": 2.495881737135555, ""beta"": 2.0314702555890753, ""gamma0"": -0.034515958291318705, ""r_A"": 0.20073110507784853, ""r_Phi"": 0.19939622508673602, ""r_Q"": 0.29206363242624633}, {""k_inh"": 0.19356492651888718, ""A0"": 0.6040746150347536, ""sigma_A"": 0.10400859807185235, ""k_int"": 0.08193911230072921, ""k_d"": 0.03258825652698424, ""sigma_Phi"": 0.04962820667097593, ""alpha"": 2.302258983707035, ""beta"": 1.8106898233330568, ""gamma0"": -0.011651649702605295, ""r_A"": 0.20209884470880896, ""r_Phi"": 0.19936457594493234, ""r_Q"": 0.31219668576806764}, {""k_inh"": 0.1913426324970322, ""A0"": 0.6101564683662265, ""sigma_A"": 0.1005573546952153, ""k_int"": 0.07942519542658592, ""k_d"": 0.030936294680809506, ""sigma_Phi"": 0.04859113332864099, ""alpha"": 2.2010874950337, ""beta"": 1.8830803519084274, ""gamma0"": 0.15150252635763484, ""r_A"": 0.1984566235674181, ""r_Phi"": 0.19694280838364073, ""r_Q"": 0.2879269494505167}]"
24,90,1.0,0.05,0.07098847172104132,0.014757941120337393,0.008780996316411752,0.028432485751810666,0.057412110561780354,0.004902034588566603,0.005575006819517809,0.012326835077007717,2009.4,"[{""k_inh"": 0.21215061542903485, ""A0"": 0.6029118604286641, ""sigma_A"": 0.10246456619232452, ""k_int"": 0.08783477499101956, ""k_d"": 0.035262553807110616, ""sigma_Phi"": 0.05117630557108312, ""alpha"": 2.329443288635877, ""beta"": 1.948397877366042, ""gamma0"": 0.0561972264777672, ""r_A"": 0.04957108435180979, ""r_Phi"": 0.04949782028984746, ""r_Q"": 0.29803351214334733}, {""k_inh"": 0.21181843670941414, ""A0"": 0.6029412207531399, ""sigma_A"": 0.10018926154278629, ""k_int"": 0.08746969195686431, ""k_d"": 0.037849453092802035, ""sigma_Phi"": 0.04930848853080944, ""alpha"": 2.3527433756495073, ""beta"": 1.8853735093043118, ""gamma0"": -0.0036630768712539946, ""r_A"": 0.049399314879489016, ""r_Phi"": 0.050419690098644776, ""r_Q"": 0.29835695564680115}, {""k_inh"": 0.19859889000333725, ""A0"": 0.6076100104655674, ""sigma_A"": 0.099857261591015, ""k_int"": 0.07622545153777519, ""k_d"": 0.032173553674852876, ""sigma_Phi"": 0.04972916268120447, ""alpha"": 2.360176370107939, ""beta"": 1.7851101915275278, ""gamma0"": -0.07412287698459943, ""r_A"": 0.04982308194828674, ""r_Phi"": 0.05082371469222487, ""r_Q"": 0.30414334865363246}, {""k_inh"": 0.22878631278323439, ""A0"": 0.5822721435472893, ""sigma_A"": 0.10015431634763142, ""k_int"": 0.07934906087974217, ""k_d"": 0.03307575819284618, ""sigma_Phi"": 0.04782916886319774, ""alpha"": 2.3754950144955465, ""beta"": 1.873790842842183, ""gamma0"": -0.030600651936188807, ""r_A"": 0.05063147861638466, ""r_Phi"": 0.050083263670482, ""r_Q"": 0.30086993703490794}, {""k_inh"": 0.19662158555722128, ""A0"": 0.6016478539473323, ""sigma_A"": 0.09904559259693008, ""k_int"": 0.07805735461367261, ""k_d"": 0.03237920497182573, ""sigma_Phi"": 0.048868318992942646, ""alpha"": 2.3530455159576715, ""beta"": 1.8469488184059957, ""gamma0"": -0.02918779598140474, ""r_A"": 0.050730021618882445, ""r_Phi"": 0.05031474825491694, ""r_Q"": 0.30109897325822255}]"
24,90,2.0,0.1,0.07679360599044371,0.018606233038329922,0.02338753613220179,0.04361891716183947,0.051378796518668154,0.013161860006337678,0.02223213293956496,0.027908782184636327,2324.5,"[{""k_inh"": 0.18998375528957623, ""A0"": 0.6050064619853511, ""sigma_A"": 0.10020770346222961, ""k_int"": 0.07618733849547696, ""k_d"": 0.03346369534332525, ""sigma_Phi"": 0.05066629491185997, ""alpha"": 2.277474988062194, ""beta"": 1.92218942268527, ""gamma0"": 0.09515781749449974, ""r_A"": 0.10108906787745439, ""r_Phi"": 0.10059408247863381, ""r_Q"": 0.3041479762756487}, {""k_inh"": 0.19175648985429627, ""A0"": 0.5966585515555003, ""sigma_A"": 0.09896382321536243, ""k_int"": 0.07707528054683814, ""k_d"": 0.03161764958140517, ""sigma_Phi"": 0.05098398472049067, ""alpha"": 2.430285258118755, ""beta"": 1.7560413917029503, ""gamma0"": -0.1463559032420428, ""r_A"": 0.09952017524534888, ""r_Phi"": 0.10029816657853931, ""r_Q"": 0.28560281507251367}, {""k_inh"": 0.1745428575286492, ""A0"": 0.6190425699749987, ""sigma_A"": 0.09598626575208224, ""k_int"": 0.08537503221751017, ""k_d"": 0.034691108071751985, ""sigma_Phi"": 0.04746264276145074, ""alpha"": 2.3470676636831094, ""beta"": 1.9884435185205966, ""gamma0"": 0.058018782981398356, ""r_A"": 0.09980956378989693, ""r_Phi"": 0.09956997955336656, ""r_Q"": 0.30135137365953607}, {""k_inh"": 0.1955355774863222, ""A0"": 0.5921028839961974, ""sigma_A"": 0.0996482876499237, ""k_int"": 0.0704646236462083, ""k_d"": 0.029168879344770388, ""sigma_Phi"": 0.04855345103124553, ""alpha"": 2.287976808921418, ""beta"": 1.835313452406925, ""gamma0"": 0.03075371634795714, ""r_A"": 0.10109938065513344, ""r_Phi"": 0.10024485941766355, ""r_Q"": 0.2967219709065586}, {""k_inh"": 0.21614841479870855, ""A0"": 0.5872747659184714, ""sigma_A"": 0.10065517463944518, ""k_int"": 0.06998631405473991, ""k_d"": 0.030541066277545065, ""sigma_Phi"": 0.04950218592585433, ""alpha"": 2.352568327956879, ""beta"": 1.8217935741956612, ""gamma0"": -0.03875701296017533, ""r_A"": 0.10041250805112187, ""r_Phi"": 0.09941370265239234, ""r_Q"": 0.2999111754866522}]"
48,20,1.0,0.1,0.11777919802034387,0.014688687157141821,0.018801254257787055,0.04351766175986806,0.1136446061335399,0.005891222261800166,0.015142837907713104,0.03679865991069439,1188.1,"[{""k_inh"": 0.21174508780050366, ""A0"": 0.5883017010463495, ""sigma_A"": 0.09781706821104912, ""k_int"": 0.09097140325976205, ""k_d"": 0.038073253627044154, ""sigma_Phi"": 0.052659767121566045, ""alpha"": 2.2762836042586114, ""beta"": 1.9388134940329986, ""gamma0"": 0.10439820613150011, ""r_A"": 0.10057944003871466, ""r_Phi"": 0.09934552741545416, ""r_Q"": 0.3111721224718252}, {""k_inh"": 0.2278035816347482, ""A0"": 0.5846080455523567, ""sigma_A"": 0.10262062583590754, ""k_int"": 0.07752190019096099, ""k_d"": 0.03353731664001443, ""sigma_Phi"": 0.05122325336666149, ""alpha"": 2.330559064129634, ""beta"": 1.8885249834681117, ""gamma0"": 0.025474598409818337, ""r_A"": 0.10157870842913527, ""r_Phi"": 0.09949360840645438, ""r_Q"": 0.30545099365299944}, {""k_inh"": 0.2240626444122898, ""A0"": 0.6005388206255368, ""sigma_A"": 0.10342179797164305, ""k_int"": 0.06979353358300054, ""k_d"": 0.03013116835772069, ""sigma_Phi"": 0.046098846940175076, ""alpha"": 2.2848078305172845, ""beta"": 1.8590714663852381, ""gamma0"": 0.03867427956093801, ""r_A"": 0.09867393677090334, ""r_Phi"": 0.10099572365119401, ""r_Q"": 0.29390711439041395}, {""k_inh"": 0.23301085152375386, ""A0"": 0.5964652666429199, ""sigma_A"": 0.10389300771114267, ""k_int"": 0.06877223312437906, ""k_d"": 0.028912356807686567, ""sigma_Phi"": 0.05067901244282098, ""alpha"": 2.3754342407040485, ""beta"": 2.0024644815247665, ""gamma0"": 0.03686065131779147, ""r_A"": 0.10029892190667758, ""r_Phi"": 0.10229053319918273, ""r_Q"": 0.29390986877677383}, {""k_inh"": 0.1785150230484273, ""A0"": 0.5986522511282792, ""sigma_A"": 0.0969716161475932, ""k_int"": 0.06651065433154452, ""k_d"": 0.02730391863280937, ""sigma_Phi"": 0.049166975258199325, ""alpha"": 2.375029989569335, ""beta"": 1.9718193159742996, ""gamma0"": 0.031682179373216504, ""r_A"": 0.09937421195912095, ""r_Phi"": 0.10017034885681397, ""r_Q"": 0.3005315260724674}]"
48,20,4.0,0.2,0.23288523683331971,0.01842572277807006,0.026073523941694963,0.09488258358028044,0.26265392452170755,0.007545780173502751,0.015185949726941051,0.05239508676638537,1470.4,"[{""k_inh"": 0.14488562888913448, ""A0"": 0.6001314680580728, ""sigma_A"": 0.08669599183233329, ""k_int"": 0.07278336606130698, ""k_d"": 0.031933517731415714, ""sigma_Phi"": 0.05454881757546436, ""alpha"": 2.304464877638958, ""beta"": 1.7231010717790718, ""gamma0"": -0.05642597105815836, ""r_A"": 0.20146045326655687, ""r_Phi"": 0.19895994010068538, ""r_Q"": 0.31222718130345356}, {""k_inh"": 0.1538015972143395, ""A0"": 0.6205098296552146, ""sigma_A"": 0.08485958333164757, ""k_int"": 0.06808220530316052, ""k_d"": 0.028037777593445504, ""sigma_Phi"": 0.04948953327171145, ""alpha"": 2.320098660722746, ""beta"": 1.8403533406624977, ""gamma0"": -0.0030993300356748268, ""r_A"": 0.20287535448546362, ""r_Phi"": 0.19985284747606577, ""r_Q"": 0.30914467185808214}, {""k_inh"": 0.18407554856925903, ""A0"": 0.5871304532239671, ""sigma_A"": 0.08938329300383814, ""k_int"": 0.06470645080226502, ""k_d"": 0.02837272478434314, ""sigma_Phi"": 0.050313339489892896, ""alpha"": 2.2710934337913704, ""beta"": 2.219418547489602, ""gamma0"": 0.22519054060383287, ""r_A"": 0.20126072628176897, ""r_Phi"": 0.20091767485209094, ""r_Q"": 0.2909761941885473}, {""k_inh"": 0.21027309141462694, ""A0"": 0.597921666576473, ""sigma_A"": 0.10182197237479677, ""k_int"": 0.09160678410939967, ""k_d"": 0.03932125817666439, ""sigma_Phi"": 0.04820751479221562, ""alpha"": 2.3462070869722447, ""beta"": 1.9270648862721942, ""gamma0"": 0.036953226172505176, ""r_A"": 0.19935888787580536, ""r_Phi"": 0.19940460562311427, ""r_Q"": 0.2919863767636314}, {""k_inh"": 0.2694636532698555, ""A0"": 0.6045274681041016, ""sigma_A"": 0.10233149704092963, ""k_int"": 0.1120904795285547, ""k_d"": 0.04829961162623538, ""sigma_Phi"": 0.04983000913303117, ""alpha"": 2.229696338327683, ""beta"": 1.9679788122531408, ""gamma0"": 0.1721645773772251, ""r_A"": 0.20004514448621702, ""r_Phi"": 0.20009599966035518, ""r_Q"": 0.30447604946339746}]"
48,45,0.5,0.05,0.049495050679265254,0.015978632030634,0.014540306343320273,0.008597402339029163,0.009357844137202762,0.015596204467751007,0.0062297998627955115,0.006412903459865887,2487.1,"[{""k_inh"": 0.2014304746609193, ""A0"": 0.5867718695637167, ""sigma_A"": 0.10250258390796077, ""k_int"": 0.06935188072773799, ""k_d"": 0.02852645745635283, ""sigma_Phi"": 0.04940484200965691, ""alpha"": 2.3271889776882126, ""beta"": 1.8648726191620764, ""gamma0"": 0.008274932088351785, ""r_A"": 0.05028730993253584, ""r_Phi"": 0.049168245575210406, ""r_Q"": 0.29667004905311795}, {""k_inh"": 0.2229622141500492, ""A0"": 0.598237030924331, ""sigma_A"": 0.09929468910633651, ""k_int"": 0.07713832226881832, ""k_d"": 0.03246311007420415, ""sigma_Phi"": 0.05002251070823152, ""alpha"": 2.3760466614457036, ""beta"": 1.8902711462934918, ""gamma0"": -0.024443940600270272, ""r_A"": 0.0493426810005128, ""r_Phi"": 0.04939318556313903, ""r_Q"": 0.30397840927727987}, {""k_inh"": 0.20337679946303278, ""A0"": 0.5981931551314228, ""sigma_A"": 0.099023292929467, ""k_int"": 0.07528582752478576, ""k_d"": 0.03229496643464779, ""sigma_Phi"": 0.051082740032556063, ""alpha"": 2.3373677762055345, ""beta"": 1.8819921294699493, ""gamma0"": 0.005678298086651358, ""r_A"": 0.049917656008236846, ""r_Phi"": 0.04988582256043705, ""r_Q"": 0.29919423708100823}, {""k_inh"": 0.19916056179550568, ""A0"": 0.5861925067489218, ""sigma_A"": 0.09904697878715436, ""k_int"": 0.07194393393762147, ""k_d"": 0.03134607753385081, ""sigma_Phi"": 0.049076790697168686, ""alpha"": 2.3254222683210584, ""beta"": 1.860055864241645, ""gamma0"": 0.008192355108426471, ""r_A"": 0.05046846028281245, ""r_Phi"": 0.049893407170503064, ""r_Q"": 0.3015965713064502}, {""k_inh"": 0.19813716084572064, ""A0"": 0.6093577226806506, ""sigma_A"": 0.0999396004843558, ""k_int"": 0.08005033905695774, ""k_d"": 0.0320997906120954, ""sigma_Phi"": 0.04889099983831463, ""alpha"": 2.2759270125073887, ""beta"": 1.8452519470856197, ""gamma0"": 0.04431403350149031, ""r_A"": 0.049816055981735746, ""r_Phi"": 0.050082297048291514, ""r_Q"": 0.30153534095787865}]"
48,45,2.0,0.1,0.068258293209966,0.006111562783991633,0.016198901698866244,0.032100309890968244,0.048861830100414456,0.0058159494553674165,0.00561162762488943,0.020601467842823254,3124.9,"[{""k_inh"": 0.22227427019684648, ""A0"": 0.6002393617302426, ""sigma_A"": 0.09760398249764607, ""k_int"": 0.08948174205794862, ""k_d"": 0.03806431296106243, ""sigma_Phi"": 0.049343968830308935, ""alpha"": 2.334097062175562, ""beta"": 1.8314752551339206, ""gamma0"": -0.04647535023436577, ""r_A"": 0.10050427422458022, ""r_Phi"": 0.10010124172745437, ""r_Q"": 0.29541653866621775}, {""k_inh"": 0.20057668629934702, ""A0"": 0.6034895696732204, ""sigma_A"": 0.09726133555547799, ""k_int"": 0.07779806724759197, ""k_d"": 0.03218602771957068, ""sigma_Phi"": 0.04897282059776963, ""alpha"": 2.353131208642241, ""beta"": 1.9050042437016588, ""gamma0"": 0.006750473406587069, ""r_A"": 0.1006913957232061, ""r_Phi"": 0.09919092724945443, ""r_Q"": 0.2985109659326325}, {""k_inh"": 0.1918039735051742, ""A0"": 0.6057745779036803, ""sigma_A"": 0.10035939883334521, ""k_int"": 0.07616728727409235, ""k_d"": 0.0329630441361598, ""sigma_Phi"": 0.05132985877698742, ""alpha"": 2.3399253186500957, ""beta"": 1.8285105784384723, ""gamma0"": -0.0269560005052618, ""r_A"": 0.10002637434849157, ""r_Phi"": 0.09928585333750371, ""r_Q"": 0.30074413927506566}, {""k_inh"": 0.19046254031180174, ""A0"": 0.6017684332089982, ""sigma_A"": 0.09554789929048184, ""k_int"": 0.07732171814998781, ""k_d"": 0.031856518079232815, ""sigma_Phi"": 0.04726362163974259, ""alpha"": 2.3086235771989516, ""beta"": 1.7554870107630545, ""gamma0"": -0.051706539703329585, ""r_A"": 0.10109650608826957, ""r_Phi"": 0.0999294150412582, ""r_Q"": 0.29409277211218093}, {""k_inh"": 0.18288906394159998, ""A0"": 0.6043040286790731, ""sigma_A"": 0.09824532907154439, ""k_int"": 0.07924905204460604, ""k_d"": 0.0338787841194205, ""sigma_Phi"": 0.0509949692506754, ""alpha"": 2.4174102661642514, ""beta"": 1.8482628968996149, ""gamma0"": -0.0881866997921848, ""r_A"": 0.10137285591988286, ""r_Phi"": 0.10066496002858041, ""r_Q"": 0.290092172781836}]"
48,90,1.0,0.05,0.04971334223711085,0.011112214641319184,0.013870359400017093,0.020997034157771502,0.053562871889873395,0.010289153919099866,0.009771042239371084,0.016089813690445324,5603.1,"[{""k_inh"": 0.20411417639913276, ""A0"": 0.5944732167650988, ""sigma_A"": 0.10119434145369, ""k_int"": 0.08486376103335773, ""k_d"": 0.03560243798595761, ""sigma_Phi"": 0.05032528120386587, ""alpha"": 2.3239307501969733, ""beta"": 1.8160155253293158, ""gamma0"": -0.017724855353289364, ""r_A"": 0.05005471758554895, ""r_Phi"": 0.04982868262851879, ""r_Q"": 0.29241979830141906}, {""k_inh"": 0.21100466419849978, ""A0"": 0.6086272286137501, ""sigma_A"": 0.09995764210679799, ""k_int"": 0.08488207097109624, ""k_d"": 0.0367222889180623, ""sigma_Phi"": 0.0516527488112853, ""alpha"": 2.400433066946953, ""beta"": 1.8831966902636545, ""gamma0"": -0.04641972924590085, ""r_A"": 0.050204018513696394, ""r_Phi"": 0.049452591399208316, ""r_Q"": 0.3005766490402218}, {""k_inh"": 0.1885853329887953, ""A0"": 0.5912277600879613, ""sigma_A"": 0.09967905788936753, ""k_int"": 0.08001166356633782, ""k_d"": 0.0336575389828138, ""sigma_Phi"": 0.050217013125837914, ""alpha"": 2.335040144252946, ""beta"": 1.87038491402659, ""gamma0"": 0.004208586955821128, ""r_A"": 0.05078758213690324, ""r_Phi"": 0.04977706195871745, ""r_Q"": 0.3049369471423321}, {""k_inh"": 0.18636826320922675, ""A0"": 0.5938265076485401, ""sigma_A"": 0.09912221129954366, ""k_int"": 0.07538868847583127, ""k_d"": 0.0314877373591546, ""sigma_Phi"": 0.05024281047462213, ""alpha"": 2.362864238840128, ""beta"": 1.9309473343205288, ""gamma0"": 0.01583787002032358, ""r_A"": 0.049430971285681496, ""r_Phi"": 0.04995157115667656, ""r_Q"": 0.29568848437658946}, {""k_inh"": 0.20511044756123337, ""A0"": 0.6014925676718847, ""sigma_A"": 0.1012775606414224, ""k_int"": 0.08368607579703212, ""k_d"": 0.03549315979099258, ""sigma_Phi"": 0.050595436667631034, ""alpha"": 2.3684502683135347, ""beta"": 1.8399120483988674, ""gamma0"": -0.04867407686502953, ""r_A"": 0.050455975942353286, ""r_Phi"": 0.05029236163750628, ""r_Q"": 0.2989454571211196}]"
48,90,2.0,0.1,0.04135677020350494,0.012925371904602103,0.018939867375534034,0.02337651391020595,0.04461384673091185,0.009388098036449133,0.01392247025859391,0.02265229935757623,5344.5,"[{""k_inh"": 0.20912480216197984, ""A0"": 0.6056328588218695, ""sigma_A"": 0.10259139474877799, ""k_int"": 0.08697853927040555, ""k_d"": 0.03777898796455331, ""sigma_Phi"": 0.05210673064841934, ""alpha"": 2.30742141959489, ""beta"": 1.8276402002013326, ""gamma0"": 0.0052991280743405885, ""r_A"": 0.09956759302026179, ""r_Phi"": 0.09943606333215782, ""r_Q"": 0.30815343051708216}, {""k_inh"": 0.20916609450449494, ""A0"": 0.5866653489541586, ""sigma_A"": 0.09984527441389714, ""k_int"": 0.08159695820469595, ""k_d"": 0.035447884841735576, ""sigma_Phi"": 0.05146824848771018, ""alpha"": 2.3896795615868744, ""beta"": 1.924033065810488, ""gamma0"": -0.013290038392366688, ""r_A"": 0.0999604324971322, ""r_Phi"": 0.09994504391856092, ""r_Q"": 0.2950281792826512}, {""k_inh"": 0.20334099973982353, ""A0"": 0.5980254141036059, ""sigma_A"": 0.09936085624251378, ""k_int"": 0.07179031428654656, ""k_d"": 0.03033985026122748, ""sigma_Phi"": 0.04876424257394863, ""alpha"": 2.371398948945868, ""beta"": 1.8437688456468397, ""gamma0"": -0.044066500525872444, ""r_A"": 0.10050971381062168, ""r_Phi"": 0.0998329204485085, ""r_Q"": 0.29695666000280707}, {""k_inh"": 0.20379607047316067, ""A0"": 0.6018003201562117, ""sigma_A"": 0.10224985805982766, ""k_int"": 0.07949133358798485, ""k_d"": 0.03356815857393395, ""sigma_Phi"": 0.05008797867559969, ""alpha"": 2.3381980737113337, ""beta"": 1.8670274129166635, ""gamma0"": 0.002094066702769444, ""r_A"": 0.09972662707613086, ""r_Phi"": 0.09959245488954897, ""r_Q"": 0.30793656287416316}, {""k_inh"": 0.18785376528044023, ""A0"": 0.6091670753690327, ""sigma_A"": 0.09775309430362672, ""k_int"": 0.08083465396751456, ""k_d"": 0.03239335283355128, ""sigma_Phi"": 0.04780981781319156, ""alpha"": 2.267182189641891, ""beta"": 1.9343721199054735, ""gamma0"": 0.10286296021772376, ""r_A"": 0.10055585845454634, ""r_Phi"": 0.10019493430787545, ""r_Q"": 0.2984761690170151}]"
48,90,4.0,0.2,0.04685733170424948,0.011188524241913713,0.010538989275695902,0.06823347218335649,0.03503150756947151,0.007562265477586982,0.01183425658153686,0.06496401811436714,6292.1,"[{""k_inh"": 0.20535583708695906, ""A0"": 0.589089734954257, ""sigma_A"": 0.10291960808268047, ""k_int"": 0.08486272925723627, ""k_d"": 0.034911499059551356, ""sigma_Phi"": 0.050649775531893475, ""alpha"": 2.3446141037824058, ""beta"": 1.8231180404152143, ""gamma0"": -0.031607997892365104, ""r_A"": 0.19853626420551615, ""r_Phi"": 0.20111481906323803, ""r_Q"": 0.29701000700789176}, {""k_inh"": 0.20543959248174812, ""A0"": 0.6090445635637228, ""sigma_A"": 0.10603401429971357, ""k_int"": 0.07300382754751109, ""k_d"": 0.029895590080112572, ""sigma_Phi"": 0.05112080150125835, ""alpha"": 2.367692160400796, ""beta"": 1.8819133420798972, ""gamma0"": 6.372294597223691e-05, ""r_A"": 0.19857668133966414, ""r_Phi"": 0.1985444857184082, ""r_Q"": 0.29699061212578565}, {""k_inh"": 0.19311499857142359, ""A0"": 0.5980885771885605, ""sigma_A"": 0.097997957647449, ""k_int"": 0.08678679149040032, ""k_d"": 0.03707491177379617, ""sigma_Phi"": 0.05038535854738455, ""alpha"": 2.307459519891358, ""beta"": 2.0878449907755607, ""gamma0"": 0.15390377715288686, ""r_A"": 0.201389081874243, ""r_Phi"": 0.20052314626009712, ""r_Q"": 0.2935487062696012}, {""k_inh"": 0.21224854369655874, ""A0"": 0.6005003544698174, ""sigma_A"": 0.10222180180772059, ""k_int"": 0.0829032901846802, ""k_d"": 0.034617794597681155, ""sigma_Phi"": 0.05029513221512717, ""alpha"": 2.3355341515426633, ""beta"": 1.9914827138738667, ""gamma0"": 0.07874982483293844, ""r_A"": 0.19899950151545878, ""r_Phi"": 0.2000906565482794, ""r_Q"": 0.29445768892386276}, {""k_inh"": 0.2143464116245326, ""A0"": 0.5954626407134478, ""sigma_A"": 0.10286024008192063, ""k_int"": 0.08444201293144492, ""k_d"": 0.03656794301797289, ""sigma_Phi"": 0.0482585489005404, ""alpha"": 2.3742623727390058, ""beta"": 1.9998080008089003, ""gamma0"": 0.054300918121477415, ""r_A"": 0.19950636182855191, ""r_Phi"": 0.20030970615391022, ""r_Q"": 0.2907462928361071}]"
48,90,0.5,0.05,0.05546556911654011,0.009605137451158006,0.006144828490926535,0.013563859445598157,0.02818902366468295,0.008896930218951216,0.0040330277337384405,0.012008491087914434,4454.2,"[{""k_inh"": 0.20371790294883074, ""A0"": 0.6052339010920682, ""sigma_A"": 0.09929511112222951, ""k_int"": 0.07783708537214819, ""k_d"": 0.03253375107614573, ""sigma_Phi"": 0.050028313586760596, ""alpha"": 2.3394237210485596, ""beta"": 1.8475441216656001, ""gamma0"": -0.014497695952073793, ""r_A"": 0.05022101811995322, ""r_Phi"": 0.04956206566994152, ""r_Q"": 0.30215941302550603}, {""k_inh"": 0.22029248764339168, ""A0"": 0.592810436534125, ""sigma_A"": 0.10028004585446, ""k_int"": 0.08595129381820736, ""k_d"": 0.03649715058487815, ""sigma_Phi"": 0.050736343511203465, ""alpha"": 2.330562715103052, ""beta"": 1.858223767551697, ""gamma0"": 0.002044047553157121, ""r_A"": 0.04997500384749368, ""r_Phi"": 0.050286736441526404, ""r_Q"": 0.30299719839341305}, {""k_inh"": 0.20571801878317145, ""A0"": 0.5927104385619434, ""sigma_A"": 0.09920203683538255, ""k_int"": 0.07917172476914197, ""k_d"": 0.03318800718662868, ""sigma_Phi"": 0.04981943180078663, ""alpha"": 2.3322715988187808, ""beta"": 1.846439347723011, ""gamma0"": -0.0015815665770592202, ""r_A"": 0.05000471551163231, ""r_Phi"": 0.05012438180364035, ""r_Q"": 0.2974442182413975}, {""k_inh"": 0.21421790153902792, ""A0"": 0.6053381581313707, ""sigma_A"": 0.10207697160310295, ""k_int"": 0.08343801208272533, ""k_d"": 0.03465583158279272, ""sigma_Phi"": 0.04955050066391491, ""alpha"": 2.3138108632419496, ""beta"": 1.8509049083218736, ""gamma0"": 0.015687453092182647, ""r_A"": 0.04963380609104425, ""r_Phi"": 0.0497319740233251, ""r_Q"": 0.3004475820517317}, {""k_inh"": 0.20279623094275714, ""A0"": 0.6023126642977377, ""sigma_A"": 0.09830805084477709, ""k_int"": 0.07733005541447806, ""k_d"": 0.033054731021029446, ""sigma_Phi"": 0.05042299104906909, ""alpha"": 2.3540985858165895, ""beta"": 1.8293294294876201, ""gamma0"": -0.035142514232906916, ""r_A"": 0.05042326470154159, ""r_Phi"": 0.04992165104990179, ""r_Q"": 0.29966738517373603}]"
