param,value,loglik,mle_loglik
k_inh,0.08986579282344431,4718.485257213872,4730.91219789182
k_inh,0.10976232721880529,4722.247800494627,4730.91219789182
k_inh,0.13406400920712788,4725.70113252396,4730.91219789182
k_inh,0.1637461506155964,4728.559619810295,4730.91219789182
k_inh,0.2,4730.438889662847,4730.91219789182
k_inh,0.244280551632034,4730.843827072337,4730.91219789182
k_inh,0.2983649395282541,4729.170664396554,4730.91219789182
k_inh,0.36442376007810184,4724.728908079739,4730.91219789182
k_inh,0.4451081856984936,4716.784181612407,4730.91219789182
k_int,0.036395646093494945,4719.142870588789,4730.91219789182
k_int,0.04445374252361614,4721.829048365889,4730.91219789182
k_int,0.05429592372888679,4724.540488505004,4730.91219789182
k_int,0.06631719099931654,4727.126555160623,4730.91219789182
k_int,0.081,4729.326588949232,4730.91219789182
k_int,0.09893362341097377,4730.714930679634,4730.91219789182
k_int,0.12083780050894292,4730.643303129321,4730.91219789182
k_int,0.14759162283163124,4728.213394855399,4730.91219789182
k_int,0.1802688152078899,4722.327058531982,4730.91219789182
k_d,0.015277184779985534,4719.980132927066,4730.91219789182
k_d,0.0186595956271969,4722.705634324633,4730.91219789182
k_d,0.022790881565211737,4725.401727439578,4730.91219789182
k_d,0.027836845604651387,4727.890553123671,4730.91219789182
k_d,0.034,4729.874501344552,4730.91219789182
k_d,0.04152769377744578,4730.883628630563,4730.91219789182
k_d,0.0507220397198032,4730.22809434618,4730.91219789182
k_d,0.06195203921327731,4726.990078314468,4730.91219789182
k_d,0.07566839156874391,4720.095196426546,4730.91219789182
