output,param,scale,S1,S1_lo,S1_hi,ST,ST_lo,ST_hi,ST_half
qoc_stationary,k_inh,raw,-1.2476615021335737e-18,-1.3946645452657787e-17,9.470513882157157e-18,1.1377733451994968e-32,4.494360639124758e-33,2.6516252985424595e-32,8.157361325326544e-33
qoc_stationary,A0,raw,0.1955547541022481,0.09293124162996212,0.36775568009651904,0.44424913130566923,0.23046107981820552,0.88470455031248,0.44570216504939436
qoc_stationary,cv_A,raw,0.0,0.0,0.0,0.0,0.0,0.0,0.0
qoc_stationary,k_int,raw,-0.042511454529813586,-0.1342786930126013,0.03578109568721569,0.32450779125631163,0.16915402178043126,0.5194800387181339,0.22260204966279828
qoc_stationary,k_d,raw,0.06879135915320977,-0.031768971825334474,0.16646974705997608,0.3615679730697033,0.1403894442233097,0.7325277655098595,0.27289062880290244
qoc_stationary,sigma_Phi,raw,0.0,0.0,0.0,0.0,0.0,0.0,0.0
qoc_stationary,alpha,raw,0.009030855091111222,-0.10095164701805556,0.09348222196714044,0.3037208684061455,0.1343552889836965,0.5728126121328055,0.26649470022361116
qoc_stationary,beta,raw,-0.0032463053914699815,-0.018957402357573153,0.01367713860906128,0.007703477931920089,0.0044465353396459725,0.014411750859456977,0.007761087966530754
qoc_variance,k_inh,log,-0.007726037402930553,-0.034762081017599776,0.018196905264670517,0.016410043110660674,0.011077927530360574,0.022756670910108457,0.01618252492113474
qoc_variance,A0,log,0.14389245970043052,0.06931627151269275,0.23392741683244858,0.19193131555041085,0.14543877007521452,0.24877938122858947,0.19697244194459154
qoc_variance,cv_A,log,0.08765880245292418,0.022513803374694483,0.1564163939213205,0.10685983805422719,0.08346437883706985,0.1345593404406849,0.10384792106980693
qoc_variance,k_int,log,0.03453698462043307,-0.004428788284282863,0.07679022218007163,0.05466819596588317,0.03835227823946578,0.07537928259651015,0.05861594526766823
qoc_variance,k_d,log,0.0726170849318771,0.02048488224196743,0.13059022202359277,0.11027113557757152,0.09010279459192772,0.136403878120142,0.11802268085397401
qoc_variance,sigma_Phi,log,0.17482094777302612,0.09205714825236698,0.26222072926028045,0.2569824960664031,0.2049991188344695,0.31861343123389846,0.25722732043890245
qoc_variance,alpha,log,0.346142340493725,0.24339409577984045,0.44543734677505653,0.35989001305116247,0.2991225255782428,0.4220721763910609,0.3726416652508451
qoc_variance,beta,log,0.03923547525265412,0.002119658648079705,0.07962418276312908,0.06254332019388233,0.042183738875156564,0.08914888149025095,0.06229417278683363
crb_k_inh,k_inh,log,0.09140883912599528,-0.08661879936924549,0.28768327413678163,0.12899935777627364,0.09970573082099449,0.16704643597204105,0.12305209719674062
crb_k_inh,A0,log,0.45566825920615345,0.1243524367997026,0.7833114896280303,0.5771494954667125,0.43684782784391996,0.7331764210666373,0.5014639063639532
crb_k_inh,cv_A,log,0.2532447311414508,-0.008539984537649875,0.5265469291511268,0.35976426103909337,0.27049784886619893,0.46421584116874987,0.3324271697888053
crb_k_inh,k_int,log,0.005149858452825507,-0.029244311647407803,0.04097109863969707,0.0037587913844229627,0.0022145294112146576,0.006049379471760256,0.003829079325259632
crb_k_inh,k_d,log,0.008541685570238685,-0.010508640662672316,0.03060317732776347,0.0014781769450058545,0.0008991107589287503,0.00221296063086231,0.0016273736024401716
crb_k_inh,sigma_Phi,log,-0.00033435282374349084,-0.028618113130307946,0.030767286568945253,0.0034113786698154844,0.002189249599067594,0.005077470319491832,0.0038248288346521826
crb_k_inh,alpha,log,-9.520325588720975e-05,-0.00519401175093148,0.005640004491051144,0.00010767008409303686,3.8817842702449805e-05,0.00020066928943194542,7.651475239373039e-05
crb_k_inh,beta,log,-0.00023363913408535372,-0.02323657082441247,0.02266710179389387,0.002144236606484415,0.001356114790665287,0.0031199703561187874,0.0023462834755677907
lqg_efficiency,k_inh,log,0.09908653399240093,-0.2669475772356158,0.44849094236900194,0.21655539021984294,0.1523331831934625,0.2864605552390526,0.21277447267820312
lqg_efficiency,A0,log,-0.03542319258226153,-0.3821735835194711,0.33276364923168644,0.23095960066495697,0.16961600783830083,0.3087513035842388,0.20061845244004747
lqg_efficiency,cv_A,log,-0.028214600016172733,-0.2818494642437501,0.22019314948058724,0.12853225411806884,0.09637003381291981,0.16721179901417024,0.1124691462995623
lqg_efficiency,k_int,log,0.02527510987541709,-0.18913307906658738,0.2715100835396653,0.10319144758268632,0.06055566293082875,0.15744190981638623,0.09797089736249315
lqg_efficiency,k_d,log,0.11009394896971568,-0.1724188012864758,0.3916544300097686,0.16588362543592178,0.11678966448894285,0.2250779714446757,0.17358710201031924
lqg_efficiency,sigma_Phi,log,0.09118256389115109,-0.20721931548930067,0.3668424566717178,0.13586956412261006,0.0971706455929738,0.18188467664386773,0.1198674123463575
lqg_efficiency,alpha,log,0.11114167772488064,-0.29405229636987135,0.473352918393986,0.29115887130735313,0.22494349220455234,0.3687876155542869,0.2613399789359994
lqg_efficiency,beta,log,0.23028762954659376,-0.13188510110585372,0.5933013972209561,0.2940010110768292,0.21903873407951086,0.3798989042541901,0.27892665908555214
